Name,Outage
Addis Entergy Power Station,1
Air Liquide Entergy Power Station,1
Air Products Entergy Power Station,1
Alchem Entergy Power Station,1
Alsen Entergy Power Station,0
 Baker Entergy Power Station,0
<Null>,1
Bayou Verret Entergy Power Station,1
Bayview Entergy Power Station,1
 Beauregard Entergy Power Station,1
Belfair Entergy Power Station,0
 Belle Helene Entergy Power Station,1
Blount Entergy Power Station,0
Capitol Entergy Power Station,0
Chenango Entergy Power Station,1
Claire Entergy Power Station,1
<Null>,0
Colonial Springs Entergy Power Station,0
Coly Entergy Power Station,0
Concord Entergy Power Station,1
Conway Entergy Power Station,1
 Cosmar Entergy Power Station,1
 Crown Zellerbach Entergy Power Station,0
Dawson Creek Entergy Power Station,1
Delmont Entergy Power Station,0
Denham Springs Entergy Power Station,0
Derrick Entergy Power Station,1
Devin Entergy Power Station,1
Dixie Baker Entergy Power Station,0
Downtown Entergy Power Station,0
Drusilla Entergy Power Station,0
East Entergy Power Station,0
<Null>,1
Enco Entergy Power Station,0
Esso Entergy Power Station,0
Evergreen Entergy Power Station,1
Exxon Co Entergy Power Station,0
 Exxon Pipeline Entergy Power Station,0
Fancy Point Entergy Power Station,0
<Null>,0
Formosa Co Entergy Power Station,0
Gardere Entergy Power Station,1
Gloria Entergy Power Station,0
Gonzales Entergy Power Station,1
Goudchaux Entergy Power Station,0
Grace Entergy Power Station,0
Grant Entergy Power Station,0
Greenwell Springs Entergy Power Station,0
Hammond Substation,0
Harrelson Entergy Power Station,0
Highland [LA] Entergy Power Station,0
Hoechst Entergy Power Station,0
<Null>,0
<Null>,1
Irion Entergy Power Station,1
<Null>,0
Jones Creek Entergy Power Station,0
Julia Entergy Power Station,0
Kaiser Entergy Power Station,0
Livonia Entergy Power Station,0
 Loblolly Entergy Power Station,0
<Null>,0
LSU Entergy Power Station,1
<Null>,1
 Main Line Entergy Power Station,0
McCall Entergy Power Station,1
Mickens Entergy Power Station,0
Mohican Entergy Power Station,0
Moler Entergy Power Station,0
Monochem Entergy Power Station,1
<Null>,1
Napoleonville Entergy Power Station,1
Nesser Entergy Power Station,1
Northdale Entergy Power Station,0
Oak Villa Entergy Power Station,0
Paincourtville Entergy Power Station,1
Pam Entergy Power Station,1
Panama Entergy Power Station,1
<Null>,0
Pecue Entergy Power Station,1
Placid Co Entergy Power Station,1
Plaquemine Entergy Power Station,1
<Null>,1
Polyform Entergy Power Station,0
Port Hudson Entergy Power Station,0
Repapco Entergy Power Station,0
Riverview Entergy Power Station,0
 Saint James Entergy Power Station,1
Sandy Creek Entergy Power Station,0
Sears Entergy Power Station,0
Sharp Entergy Power Station,0
Shenandoah Entergy Power Station,1
Sidco Entergy Power Station,1
Sorrento Entergy Power Station,1
<Null>,1
<Null>,1
St Gabriel Entergy Power Station,1
Starhill Entergy Power Station,0
Stauffer Entergy Power Station,1
Sugar House Entergy Power Station,1
Sutan Co Entergy Power Station,1
Texas Eastern Transmission,0
Thomas Entergy Power Station,0
Tiger Entergy Power Station,1
Turnerville Entergy Power Station,1
Vulchlor Entergy Power Station,1
Ward Creek Entergy Power Station,1
Weiner Entergy Power Station,0
Westdale Entergy Power Station,0
<Null>,1
Wilbert Entergy Power Station,1
Willow Glen Entergy Power Station,1
Wilton Entergy Power Station,1
Wintz Entergy Power Station,1
Wise Entergy Power Station,1
Woodstock Co Entergy Power Station,1
<Null>,0
Zachary Rea Entergy Power Station,0
Zoar Entergy Power Station,0
Unknown substation at Jefferson Hwy,0
Unknown substation at Jefferson Hwy#2,1
Unknown substation at Alaska St,1
Unknown substation at Powell Ln,0
Unknown substation at Lockhart Rd,0
Unknown substation next to Flannery Rea,0
<Null>,0
<Null>,0
Unknown substation at Broussard St,1
Unknown substation at Evangeline St,0
Unknown substation at W.K. Gordon St,0
Unknown substation at 72nd Ave,0
Unknown substation at Linde LLC,1
Unknown substation at ExxonMobil Baton Rouge Polyolefins,0
Unknown substation at ExxonMobil Baton Rouge Plastics Plant,0
Unknown substation at Denham Rd,0
 Big Cajun 2 Power Plant,0
<Null>,0
Unknown substation at Sweet Home Ln,0
Unknown substation at Ventress Rd E,0
Big Cajun 1 Power Plant,0
River Bend Power Station,0
Unknown substation at ExxonMobil Baton Rouge Chemical North,0
Magnolia Power Generation,1
LA3 West Baton Rouge Solar Facility,1
Louisiana 1,0
Plaquemine Cogeneration Plant,1
St. James Solar (LA),1
 Geismar,1
 Shell Chemical,1
Carville Energy LLC,1
LaO Energy Systems,1
Westlake Plaquemine,1
<Null>,1
Unknown subsation at Hurdle Rd,1
 Unknown substation at Bayou Bourbeaux,1
Unknown substation at Bayou Bourbeaux#2,1
<Null>,1
Unknown subsation at S Vignes Rd Edi,1
Unknown subsation at Darville Rd,1
 Unknown subsation at Hackett Canal,1
Unknown subsation at Allen Ln,0
Unknown subsation at Walker Dr,0
Unknown subsation at Hybiscus Dr,0
Unknown subsation at Cutrer Rd,0
Unknown subsation at Bains Rd,0
Oxbow Solar 1,0
<Null>,1
 Unknown subsation at Methanex USA,1
Unknown subsation at Star Enterprise Rd,1
Unknown subsation at Air Products Chemicals,1
Unknown subsation at S Harrells Ferry Rd,0
Unknown subsation at Rolling Acres Dr,1
Unknown subsation at Keller Ln,1
<Null>,1
 Unknown subsation at Lake Village Rd,1
Unknown subsation at Reinninger Rd,0
Unknown subsation at Courtney Ln,0
Unknown subsation at Old Frost Rd,1
Unknown subsation at Caney Branch,1
Unknown subsation at Duff Rd,0
 Unknown subsation at Kripple K Rd,0
Unknown subsation near Air Products,1
 Unknown subsation at W Atena Flaya,0
Francis Entergy Power Station,0
