Name,Category 1 hurricane substation  repair costs [USD],Category 2 hurricane substation  repair costs [USD],Category 3 hurricane substation  repair costs [USD],Category 4 hurricane substation  repair costs [USD],Category 5 hurricane substation  repair costs [USD]
Addis Entergy Power Station,0,0,0,2498089.55969869,4578680.46207561
Air Liquide Entergy Power Station,0,0,0,424945.210550372,1015201.66815624
Air Products Entergy Power Station,0,446522.750548875,1344768.68101058,1572030.05628502,1572030.05628502
Alchem Entergy Power Station,0,406315.561307906,1038986.00030708,1144307.60873005,1144307.60873005
Alsen Entergy Power Station,0,0,0,0,0
Baker Entergy Power Station,0,0,0,0,0
Bayou Labutte Entergy Power Station,0,0,0,3815267.64684975,6258063.68553161
Bayou Verret Entergy Power Station,0,0,2128352.52095176,3711821.35876446,4274645.51307733
Bayview Entergy Power Station,292107.983958984,781119.429740334,882441.038163303,882441.038163303,882441.038163303
Beauregard Entergy Power Station,0,0,0,1091754.91327573,2373559.1803554
Belfair Entergy Power Station,0,0,0,0,0
Belle Helene Entergy Power Station,0,699696.495355528,1383139.38647174,1507079.15332321,1507079.15332321
Blount Entergy Power Station,0,0,0,0,0
Capitol Entergy Power Station,0,0,0,0,0
Chenango Entergy Power Station,0,0,0,938562.260686903,1834956.34812433
Claire Entergy Power Station,0,0,0,924486.476848594,1685648.67653338
Clinton Entergy Power Station,0,0,0,0,0
Colonial Springs Entergy Power Station,0,0,0,0,0
Coly Entergy Power Station,0,0,0,0,0
Concord Entergy Power Station,0,0,0,325623.602127403,853578.356394684
Conway Entergy Power Station,829609.412148563,1562644.53296713,2445072.67122014,2916213.58019751,2916213.58019751
Cosmar Entergy Power Station,0,399092.138750419,877362.688545525,1080005.90539146,1080005.90539146
Crown Zellerbach Entergy Power Station,0,0,0,0,0
Dawson Creek Entergy Power Station,0,0,0,0,818574.24674025
Delmont Entergy Power Station,0,0,0,0,0
Denham Springs Entergy Power Station,0,0,0,0,0
Derrick Entergy Power Station,0,0,498012.660079594,1103711.48277134,1351591.01647428
Devin Entergy Power Station,0,0,0,424945.210550372,1017201.66815624
Dixie Baker Entergy Power Station,0,0,0,0,0
Downtown Entergy Power Station,0,0,0,0,0
Drusilla Entergy Power Station,0,0,0,0,291213.714536916
East Entergy Power Station,0,0,0,0,0
Ellem Entergy Power Station,507026.428451156,848424.215577291,1383139.38647174,1631018.92017468,1631018.92017468
Enco Entergy Power Station,0,0,0,0,0
Esso Entergy Power Station,0,0,0,0,0
Evergreen Entergy Power Station,0,0,3598877.87708597,9698278.57958846,13089897.8388293
Exxon Co Entergy Power Station,0,0,0,0,0
Exxon Pipeline Entergy Power Station,0,0,0,0,0
Fancy Point Entergy Power Station,0,0,0,0,0
Flannery Rea Entergy Power Station,0,0,0,0,0
Formosa Co Entergy Power Station,0,0,0,0,0
Gardere Entergy Power Station,0,0,498012.660079594,1103711.48277134,1351591.01647428
Gloria Entergy Power Station,0,0,0,0,0
Gonzales Entergy Power Station,960139.800685406,1745066.32519565,1869006.09204712,1869006.09204712,1869006.09204712
Goudchaux Entergy Power Station,0,0,0,0,0
Grace Entergy Power Station,0,0,0,0,0
Grant Entergy Power Station,0,0,0,0,0
Greenwell Springs Entergy Power Station,0,0,0,0,0
Hammond Substation,0,0,0,0,0
Harrelson Entergy Power Station,0,0,0,0,0
Highland [LA] Entergy Power Station,0,0,0,0,0
Hoechst Entergy Power Station,0,0,0,0,0
Horseshoe Entergy Power Station,0,0,0,0,0
Iberville Entergy Power Station,0,0,630966.195302625,1087289.98090867,0
Irion Entergy Power Station,0,0,0,127336.569172312,167273.947685447
Jaguar Entergy Power Station,0,0,0,0,0
Jones Creek Entergy Power Station,0,0,0,0,0
Julia Entergy Power Station,0,0,0,0,0
Kaiser Entergy Power Station,0,0,0,0,0
Livonia Entergy Power Station,0,0,0,0,1032652.9621863
Loblolly Entergy Power Station,0,0,0,0,0
Louisiana Station Entergy Power Station,0,0,0,0,0
LSU Entergy Power Station,0,0,1830897.08050823,3643424.07168789,4274645.51307733
Magnolia Entergy Power Station,0,0,0,0,325623.602127403
Main Line Entergy Power Station,0,0,0,0,0
McCall Entergy Power Station,0,630966.195302625,975744.190742344,1834956.34812433,2206775.64867874
Mickens Entergy Power Station,0,0,0,0,0
Mohican Entergy Power Station,0,0,0,0,0
Moler Entergy Power Station,0,0,0,0,0
Monochem Entergy Power Station,0,399092.138750419,909867.909357225,1112511.12620316,1112511.12620316
Mt Houmas Entergy Power Station,0,0,1028700.30579652,2073822.11345571,2321701.64715864
Napoleonville Entergy Power Station,0,0,322582.983697406,454571.837903138,980081.235311009
Nesser Entergy Power Station,0,0,0,167273.947685447,574189.749922678
Northdale Entergy Power Station,0,0,0,0,0
Oak Villa Entergy Power Station,0,0,0,0,0
Paincourtville Entergy Power Station,0,1855886.17974874,2652073.61647095,3853260.98682972,4523045.11265304
Pam Entergy Power Station,0,251276.336023781,307558.751455069,773118.136740919,836786.421327075
Panama Entergy Power Station,1140246.09596284,2073822.11345571,2321701.64715864,2321701.64715864,2321701.64715864
PDC 12,0,0,0,0,0
Pecue Entergy Power Station,0,0,2091372.12827668,3609797.11081363,4105556.17821951
Placid Co Entergy Power Station,0,0,0,507026.428451156,848424.215577291
Plaquemine Entergy Power Station,0,0,0,1028700.30579652,2073822.11345571
Point Pleasant Entergy Power Station,0,0,0,699696.495355528,892366.5622599
Polyform Entergy Power Station,0,0,0,0,0
Port Hudson Entergy Power Station,0,0,0,0,0
Repapco Entergy Power Station,0,0,0,0,0
Riverview Entergy Power Station,0,0,0,0,886070.928416822
Saint James Entergy Power Station,371819.300554406,1092444.12172606,1216383.88857753,1216383.88857753,1216383.88857753
Sandy Creek Entergy Power Station,0,0,0,0,0
Sears Entergy Power Station,0,0,0,0,0
Sharp Entergy Power Station,0,0,0,0,0
Shenandoah Entergy Power Station,0,0,862686.388364653,1608406.22296357,1734345.98981503
Sidco Entergy Power Station,0,0,187608.051437625,689749.366778916,753417.651365072
Sorrento Entergy Power Station,4101280.75132571,5663569.49191215,5663569.49191215,5663569.49191215,5663569.49191215
Southwood Entergy Power Station/Geismar cogen,306993.952884938,461393.842089009,526404.283712409,1005966.09522271,1204609.31206864
Springfield Entergy Power Station,0,0,0,823636.262206997,860818.192262437
St Gabriel Entergy Power Station,0,699696.495355528,1383139.38647174,1507079.15332321,1507079.15332321
Starhill Entergy Power Station,0,0,0,0,0
Stauffer Entergy Power Station,0,306993.952884938,877362.688545525,1080005.90539146,1080005.90539146
Sugar House Entergy Power Station,0,0,0,0,498012.660079594
Sutan Co Entergy Power Station,0,306993.952884938,431597.359562119,881362.688545525,1080005.90539146
Texas Eastern Transmission,0,0,0,0,0
Thomas Entergy Power Station,0,0,0,0,0
Tiger Entergy Power Station,0,0,3504857.73776263,7052409.82478628,8169867.7264495
Turnerville Entergy Power Station,0,0,0,319499.028105075,418474.270507191
Vulchlor Entergy Power Station,1137992.62375378,2054020.40327945,3285052.10214517,3904750.93640251,3904750.93640251
Ward Creek Entergy Power Station,0,0,818574.24674025,1464187.89093708,2292953.7750349
Weiner Entergy Power Station,0,0,0,0,0
Westdale Entergy Power Station,0,0,0,0,0
Westlake Vinyls Entergy Power Station,0,2224156.10948724,4303612.02393025,5047250.62503907,5047250.62503907
Wilbert Entergy Power Station,0,0,829609.412148563,2072633.33804999,2299894.71332443
Willow Glen Entergy Power Station,0,3783713.73547781,10120270.9603316,12179336.9118257,12179336.9118257
Wilton Entergy Power Station,504217.885193466,1179373.01834284,1366981.06978046,1366981.06978046,1366981.06978046
Wintz Entergy Power Station,0,347201.142125906,1015201.66815624,1141141.43500771,1141141.43500771
Wise Entergy Power Station,0,0,383086.661599688,572376.520190475,1025967.41434687
Woodstock Co Entergy Power Station,0,814622.493835434,1575809.45337611,1699749.22022758,1699749.22022758
Zachary Entergy Power Station,0,0,0,0,0
Zachary Rea Entergy Power Station,0,0,0,0,0
Zoar Entergy Power Station,0,0,0,0,0
Unknown substation at Jefferson Hwy,0,0,0,0,0
Unknown substation at Jefferson Hwy#2,0,0,0,1203914.38054899,1706935.96129534
Unknown substation at Alaska St,0,0,1091754.91327573,2373559.1803554,2812443.56781681
Unknown substation at Powell Ln,0,0,0,0,0
Unknown substation at Lockhart Rd,0,0,0,0,0
Unknown substation next to Flannery Rea,0,0,0,0,0
Sharp Entergy substation (Unknown substation at S Choctaw Dr),0,0,0,0,0
Unknown substation at Wooddale Blvd,0,0,0,0,0
Unknown substation at Broussard St,0,0,0,1088220.23914866,1749254.9261861
Unknown substation at Evangeline St,0,0,0,0,0
Unknown substation at W.K. Gordon St,0,0,0,0,0
Unknown substation at 72nd Ave,0,0,0,0,0
Unknown substation at Linde LLC (probably not a substation!),0,0,0,0,0
Unknown substation at ExxonMobil Baton Rouge Polyolefins,0,0,0,0,0
Unknown substation at ExxonMobil Baton Rouge Plastics Plant,0,0,0,0,0
Unknown substation at Denham Rd,0,0,0,0,0
Big Cajun 2 Power Plant,0,0,0,0,0
Unknown substation at Patin Dyke Rd,0,0,0,0,0
Unknown substation at Sweet Home Ln,0,0,0,0,0
Unknown substation at Ventress Rd,0,0,0,0,0
Big Cajun 1 Power Plant,0,0,0,0,0
River Bend Power Station,0,0,0,0,0
Unknown substation at ExxonMobil Baton Rouge Chemical North,0,0,0,0,0
Magnolia Power Generation,0,0,0,486745.299034313,1092444.12172606
LA3 West Baton Rouge Solar Facility,0,0,187608.051437625,1045712.95787424,1109381.2424604
Louisiana 1,0,0,0,0,0
Plaquemine Cogeneration Plant,0,0,0,2535132.14225578,4191418.67597066
St. James Solar (LA),2806118.06310518,4079819.91146901,5558785.34181816,6426363.70977844,6426363.70977844
Geismar,0,0,486745.299034313,1092444.12172606,1216383.88857753
Shell Chemical,0,449563.368978872,1092444.12172606,1216383.88857753,1216383.88857753
Carville Energy LLC,0,0,187608.051437625,649811.988265781,713480.272851938
LaO Energy Systems,0,0,0,187608.051437625,264727.3600062
Westlake Plaquemine,0,0,1667090.88882984,2606177.68277344,4159563.03894858
Unknown substation at Sid Richardson Rd,0,0,446754.946185844,1258067.25179277,1570815.07008187
Unknown subsation at Hurdle Rd,0,0,0,1169351.23179164,2335090.7824207
Unknown substation at Bayou Bourbeaux,0,1474703.70306919,2231958.18405105,3925420.71083451,4551913.14973354
Unknown substation at Bayou Bourbeaux#2,0,251276.336023781,328395.644592356,813055.515254053,876723.799840209
Unknown substation at Bayou Bourbeaux#3,0,0,901380.330631462,1208976.39601574,1757212.27969987
Unknown subsation at S Vignes Rd,0,823636.262206997,1544261.08337865,1668200.85023012,1668200.85023012
Unknown subsation at Darville Rd,0,0,799018.103778497,1467018.62980883,1592958.3966603
Unknown subsation at Hackett Canal,187608.051437625,264727.3600062,748787.230667897,812455.515254053,812455.515254053
Unknown subsation at Allen Ln,0,0,0,0,0
Unknown subsation at Walker Dr,0,0,0,0,0
Unknown subsation at Hybiscus Dr,0,0,0,0,0
Unknown subsation at Cutrer Rd,0,0,0,0,0
Unknown subsation at Bains Rd,0,0,0,0,0
Oxbow Solar 1,0,0,0,0,187608.051437625
Unknown subsation at Westlake Geismar,0,630966.195302625,1087289.98090867,1757212.27969987,2005091.8134028
Unknown subsation at Methanex USA,0,0,1328409.33891376,2677747.00364364,3049566.30419805
Unknown subsation at Star Enterprise Rd,507026.428451156,1037714.07416808,1612991.38343155,1736931.15028302,1736931.15028302
Unknown subsation at Air Products Chemicals,4179024.81975018,5741313.56033662,5741313.56033662,5741313.56033662,5741313.56033662
Unknown subsation at S Harrells Ferry Rd,0,0,0,0,384400.931067562
Unknown subsation at Rolling Acres Dr,0,0,1027948.75688334,1533495.30707185,1912794.83072803
Unknown subsation at Keller Ln,1536864.43263649,2758353.4499267,3257509.31965342,3257509.31965342,3257509.31965342
Unknown subsation at Colyell Creek,480620.725011984,986717.488810969,1050385.77339712,1050385.77339712,1050385.77339712
Unknown subsation at Lake Village Rd,0,291213.714536916,813055.515254053,876723.799840209,876723.799840209
Unknown subsation at Reinninger Rd,0,0,0,0,0
Unknown subsation at Courtney Ln,0,0,0,0,0
Unknown subsation at Old Frost Rd,0,384400.931067562,520558.103525119,1046355.35269995,1173691.92187226
Unknown subsation at Caney Branch,0,0,0,384400.931067562,480620.725011984
Unknown subsation at Duff Rd,0,0,0,0,0
Unknown subsation at Kripple K Rd,0,0,0,0,0
Unknown subsation near Air Products,0,753516.703433813,2231786.73272015,2657691.32484052,2657691.32484052
