substation,inundation_ft
Addis Entergy Power Station,0
Air Liquide Entergy Power Station,0
Air Products Entergy Power Station,0
Alchem Entergy Power Station,0
Alsen Entergy Power Station,0
Baker Entergy Power Station,0
Bayou Labutte Entergy Power Station,0
Bayou Verret Entergy Power Station,0
Bayview Entergy Power Station,0
Beauregard Entergy Power Station,0
Belfair Entergy Power Station,0
Belle Helene Entergy Power Station,0
Blount Entergy Power Station,0
Capitol Entergy Power Station,0
Chenango Entergy Power Station,0
Claire Entergy Power Station,0
Clinton Entergy Power Station,0
Colonial Springs Entergy Power Station,0
Coly Entergy Power Station,0
Concord Entergy Power Station,0
Conway Entergy Power Station,0
Cosmar Entergy Power Station,0
Crown Zellerbach Entergy Power Station,0
Dawson Creek Entergy Power Station,0
Delmont Entergy Power Station,0
Denham Springs Entergy Power Station,0
Derrick Entergy Power Station,0
Devin Entergy Power Station,0
Dixie Baker Entergy Power Station,0
Downtown Entergy Power Station,0
Drusilla Entergy Power Station,0
East Entergy Power Station,0
Ellem Entergy Power Station,0
Enco Entergy Power Station,0
Esso Entergy Power Station,0
Evergreen Entergy Power Station,0
Exxon Co Entergy Power Station,0
Exxon Pipeline Entergy Power Station,0
Fancy Point Entergy Power Station,0
Flannery Rea Entergy Power Station,0
Formosa Co Entergy Power Station,0
Gardere Entergy Power Station,0
Gloria Entergy Power Station,0
Gonzales Entergy Power Station,0
Goudchaux Entergy Power Station,0
Grace Entergy Power Station,0
Grant Entergy Power Station,0
Greenwell Springs Entergy Power Station,0
Hammond Substation,0
Harrelson Entergy Power Station,0
Highland [LA] Entergy Power Station,0
Hoechst Entergy Power Station,0
Horseshoe Entergy Power Station,0
Iberville Entergy Power Station,0
Irion Entergy Power Station,0
Jaguar Entergy Power Station,0
Jones Creek Entergy Power Station,0
Julia Entergy Power Station,0
Kaiser Entergy Power Station,0
Livonia Entergy Power Station,0
Loblolly Entergy Power Station,0
Louisiana Station Entergy Power Station,0
LSU Entergy Power Station,0
Magnolia Entergy Power Station,0
Main Line Entergy Power Station,0
McCall Entergy Power Station,0
Mickens Entergy Power Station,0
Mohican Entergy Power Station,0
Moler Entergy Power Station,0
Monochem Entergy Power Station,0
Mt Houmas Entergy Power Station,0
Napoleonville Entergy Power Station,0
Nesser Entergy Power Station,0
Northdale Entergy Power Station,0
Oak Villa Entergy Power Station,0
Paincourtville Entergy Power Station,0
Pam Entergy Power Station,0
Panama Entergy Power Station,0
PDC 12,0
Pecue Entergy Power Station,0
Placid Co Entergy Power Station,0
Plaquemine Entergy Power Station,0
Point Pleasant Entergy Power Station,0
Polyform Entergy Power Station,0
Port Hudson Entergy Power Station,0
Repapco Entergy Power Station,0
Riverview Entergy Power Station,0
Saint James Entergy Power Station,0
Sandy Creek Entergy Power Station,0
Sears Entergy Power Station,0
Sharp Entergy Power Station,0
Shenandoah Entergy Power Station,0
Sidco Entergy Power Station,0
Sorrento Entergy Power Station,0
Southwood Entergy Power Station/Geismar cogen,0
Springfield Entergy Power Station,0
St Gabriel Entergy Power Station,0
Starhill Entergy Power Station,0
Stauffer Entergy Power Station,0
Sugar House Entergy Power Station,0
Sutan Co Entergy Power Station,0
Texas Eastern Transmission,0
Thomas Entergy Power Station,0
Tiger Entergy Power Station,0
Turnerville Entergy Power Station,0
Vulchlor Entergy Power Station,0
Ward Creek Entergy Power Station,0
Weiner Entergy Power Station,0
Westdale Entergy Power Station,0
Westlake Vinyls Entergy Power Station,0
Wilbert Entergy Power Station,0
Willow Glen Entergy Power Station,0
Wilton Entergy Power Station,0
Wintz Entergy Power Station,0
Wise Entergy Power Station,0
Woodstock Co Entergy Power Station,0
Zachary Entergy Power Station,0
Zachary Rea Entergy Power Station,0
Zoar Entergy Power Station,0
Unknown substation at Jefferson Hwy,0
Unknown substation at Jefferson Hwy#2,0
Unknown substation at Alaska St,0
Unknown substation at Powell Ln,0
Unknown substation at Lockhart Rd,0
Unknown substation next to Flannery Rea,0
Sharp Entergy substation (Unknown substation at S Choctaw Dr),0
Unknown substation at Wooddale Blvd,0
Unknown substation at Broussard St,0
Unknown substation at Evangeline St,0
Unknown substation at W.K. Gordon St,0
Unknown substation at 72 nd  Ave,0
Unknown substation at  ExxonMobil Baton Rouge Polyolefins,0
Unknown substation at ExxonMobil Baton Rouge Plastics Plant,0
Unknown substation at Denham Rd,0
Big Cajun 2 Power Plant,0
Unknown substation at Patin Dyke Rd,0
Unknown substation at Sweet Home Ln,0
Unknown substation at Ventress Rd,0
Big Cajun 1 Power Plant,0
River Bend Power Station,0
Unknown substation at ExxonMobil Baton Rouge Chemical North,0
Magnolia Power Generation,0
LA3 West Baton Rouge Solar Facility,0
Louisiana 1,0
Plaquemine Cogeneration Plant,0
St. James Solar (LA),0
Geismar,0
Shell Chemical,0
Carville Energy LLC,0
LaO Energy Systems,0
Westlake Plaquemine,0
Unknown substation at Sid Richardson Rd,0
Unknown subsation at Hurdle Rd,0
Unknown substation at Bayou Bourbeaux,0
Unknown substation at Bayou Bourbeaux#2,0
Unknown substation at Bayou Bourbeaux#3,0
Unknown subsation at S Vignes Rd,0
Unknown subsation at Darville Rd,0
Unknown subsation at Hackett Canal,0
Unknown subsation at Allen Ln,0
Unknown subsation at Walker Dr,0
Unknown subsation at Hybiscus Dr,0
Unknown subsation at Cutrer Rd,0
Unknown subsation at Bains Rd,0
Oxbow Solar 1,0
Unknown subsation at Westlake Geismar,0
Unknown subsation at Methanex USA,0
Unknown subsation at Star Enterprise Rd,0
Unknown subsation at Air Products Chemicals,0
Unknown subsation at S Harrells Ferry Rd,0
Unknown subsation at Rolling Acres Dr,0
Unknown subsation at Keller Ln,0
Unknown subsation at Colyell Creek,0
Unknown subsation at Lake Village Rd,0
Unknown subsation at Reinninger Rd,0
Unknown subsation at Courtney Ln,0
Unknown subsation at Old Frost Rd,0
Unknown subsation at Caney Branch,0
Unknown subsation at Duff Rd,0
Unknown subsation at Kripple K Rd,0
Unknown subsation near Air Products,0
Unknown subsation at W Atena Flaya,0
Francis Entergy Power Station,0
